-- phpMyAdmin SQL Dump
-- version 4.0.10deb1
-- http://www.phpmyadmin.net
--
-- Host: localhost
-- Generation Time: Dec 30, 2015 at 10:41 AM
-- Server version: 5.5.46-0ubuntu0.14.04.2
-- PHP Version: 5.5.9-1ubuntu4.14

SET SQL_MODE = "NO_AUTO_VALUE_ON_ZERO";
SET time_zone = "+00:00";


/*!40101 SET @OLD_CHARACTER_SET_CLIENT=@@CHARACTER_SET_CLIENT */;
/*!40101 SET @OLD_CHARACTER_SET_RESULTS=@@CHARACTER_SET_RESULTS */;
/*!40101 SET @OLD_COLLATION_CONNECTION=@@COLLATION_CONNECTION */;
/*!40101 SET NAMES utf8 */;

--
-- Database: `games`
--

-- --------------------------------------------------------

--
-- Table structure for table `elo`
--

CREATE TABLE IF NOT EXISTS `elo` (
  `eloid` int(11) NOT NULL AUTO_INCREMENT,
  `gameid` int(11) NOT NULL,
  `name` text COLLATE utf8_bin NOT NULL,
  `elo` int(11) NOT NULL,
  PRIMARY KEY (`eloid`),
  KEY `gameid` (`gameid`),
  KEY `eloid` (`eloid`)
) ENGINE=InnoDB  DEFAULT CHARSET=utf8 COLLATE=utf8_bin AUTO_INCREMENT=24989 ;

--
-- Dumping data for table `elo`
--

INSERT INTO `elo` (`eloid`, `gameid`, `name`, `elo`) VALUES
(24288, 828, 'Ryan', 1516),
(24289, 828, 'Sean', 1508),
(24290, 828, 'Brian', 1500),
(24291, 828, 'Constantine', 1492),
(24292, 828, 'Roland', 1484),
(24293, 829, 'Sean', 1524),
(24294, 829, 'Brian', 1508),
(24295, 829, 'Ryan', 1516),
(24296, 829, 'Roland', 1476),
(24297, 829, 'Constantine', 1476),
(24298, 830, 'Brian', 1523),
(24299, 830, 'Ryan', 1515),
(24300, 830, 'Roland', 1462),
(24301, 831, 'Sean', 1539),
(24302, 831, 'Dr Pepper', 1505),
(24303, 831, 'Mark', 1495),
(24304, 831, 'Constantine', 1461),
(24305, 832, 'Brian', 1538),
(24306, 832, 'Constantine', 1470),
(24307, 832, 'Ryan', 1510),
(24308, 832, 'Sean', 1520),
(24309, 833, 'Ryan', 1526),
(24310, 833, 'Sean', 1526),
(24311, 833, 'Brian', 1530),
(24312, 833, 'Constantine', 1456),
(24313, 835, 'Tony', 1517),
(24314, 835, 'Brian', 1533),
(24315, 835, 'Roland', 1459),
(24316, 835, 'Sean', 1509),
(24317, 834, 'Ryan', 1539),
(24318, 834, 'Constantine', 1459),
(24319, 834, 'Mark', 1479),
(24320, 836, 'Constantine', 1477),
(24321, 836, 'Ryan', 1536),
(24322, 836, 'Mark', 1464),
(24323, 837, 'Brian', 1547),
(24324, 837, 'Ryan', 1540),
(24325, 837, 'Sean', 1504),
(24326, 837, 'Constantine', 1464),
(24327, 838, 'Ryan', 1552),
(24328, 838, 'Mark', 1466),
(24329, 838, 'Constantine', 1450),
(24330, 839, 'Sean', 1520),
(24331, 839, 'Roland', 1467),
(24332, 839, 'Brian', 1539),
(24333, 839, 'Tristan', 1484),
(24334, 840, 'Constantine', 1468),
(24335, 840, 'Mark', 1468),
(24336, 840, 'Ryan', 1532),
(24337, 841, 'Roland', 1483),
(24338, 841, 'Tristan', 1484),
(24339, 841, 'Constantine', 1452),
(24340, 842, 'Sean', 1536),
(24341, 842, 'Ryan', 1532),
(24342, 842, 'Brian', 1523),
(24343, 843, 'Ryan', 1545),
(24344, 843, 'Constantine', 1461),
(24345, 843, 'Sean', 1528),
(24346, 843, 'Mark', 1454),
(24347, 844, 'Ryan', 1558),
(24348, 844, 'Sean', 1531),
(24349, 844, 'Constantine', 1458),
(24350, 844, 'Mark', 1441),
(24351, 845, 'Sean', 1545),
(24352, 845, 'Ryan', 1560),
(24353, 845, 'Mark', 1439),
(24354, 845, 'Constantine', 1444),
(24355, 846, 'Constantine', 1463),
(24356, 846, 'Ryan', 1562),
(24357, 846, 'Sean', 1537),
(24358, 846, 'Mark', 1426),
(24359, 847, 'Sean', 1551),
(24360, 847, 'Mark', 1437),
(24361, 847, 'Brian', 1521),
(24362, 847, 'Ryan', 1552),
(24363, 847, 'Constantine', 1450),
(24364, 848, 'Brian', 1537),
(24365, 848, 'Ryan', 1555),
(24366, 848, 'Sean', 1544),
(24367, 848, 'Mark', 1425),
(24368, 849, 'Sean', 1558),
(24369, 849, 'Brian', 1543),
(24370, 849, 'Mark', 1428),
(24371, 849, 'Ryan', 1545),
(24372, 849, 'Constantine', 1437),
(24373, 850, 'Sean', 1572),
(24374, 850, 'Brian', 1549),
(24375, 850, 'Ryan', 1543),
(24376, 850, 'Mark', 1423),
(24377, 850, 'Constantine', 1424),
(24378, 852, 'Sean', 1582),
(24379, 852, 'Constantine', 1427),
(24380, 852, 'Mark', 1410),
(24381, 851, 'Roland', 1502),
(24382, 851, 'Ryan', 1542),
(24383, 851, 'Brian', 1531),
(24384, 853, 'Brian', 1546),
(24385, 853, 'Roland', 1504),
(24386, 853, 'Ryan', 1525),
(24387, 854, 'Constantine', 1446),
(24388, 854, 'Sean', 1575),
(24389, 854, 'Mark', 1398),
(24390, 855, 'Roland', 1521),
(24391, 855, 'Brian', 1545),
(24392, 855, 'Ryan', 1509),
(24393, 856, 'Ryan', 1527),
(24394, 856, 'Brian', 1527),
(24395, 857, 'Ryan', 1543),
(24396, 857, 'Brian', 1511),
(24397, 858, 'Ryan', 1558),
(24398, 858, 'Brian', 1496),
(24399, 859, 'Brian', 1515),
(24400, 859, 'Ryan', 1539),
(24401, 860, 'Brian', 1531),
(24402, 860, 'Sean', 1580),
(24403, 860, 'Emily', 1500),
(24404, 860, 'Constantine', 1442),
(24405, 860, 'Ryan', 1522),
(24406, 861, 'Ryan', 1537),
(24407, 861, 'Sean', 1582),
(24408, 861, 'Roland', 1520),
(24409, 861, 'Mark', 1395),
(24410, 861, 'Constantine', 1429),
(24411, 862, 'Roland', 1534),
(24412, 862, 'Ryan', 1535),
(24413, 862, 'Constantine', 1417),
(24414, 863, 'Ryan', 1548),
(24415, 863, 'Brian', 1528),
(24416, 863, 'Constantine', 1407),
(24417, 864, 'Ryan', 1561),
(24418, 864, 'Brian', 1525),
(24419, 864, 'Constantine', 1397),
(24420, 865, 'Sean', 1596),
(24421, 865, 'Roland', 1535),
(24422, 865, 'Brian', 1510),
(24423, 866, 'Ryan', 1569),
(24424, 866, 'Mark', 1399),
(24425, 866, 'Constantine', 1385),
(24426, 867, 'Ryan', 1580),
(24427, 867, 'Roland', 1533),
(24428, 867, 'Mark', 1390),
(24429, 869, 'Sean', 1606),
(24430, 869, 'Brian', 1509),
(24431, 869, 'Constantine', 1376),
(24432, 868, 'Ryan', 1591),
(24433, 868, 'Roland', 1531),
(24434, 868, 'Mark', 1381),
(24435, 870, 'Sean', 1620),
(24436, 870, 'Brian', 1513),
(24437, 870, 'Ryan', 1573),
(24438, 871, 'Tony', 1535),
(24439, 871, 'Ryan', 1580),
(24440, 871, 'Roland', 1532),
(24441, 871, 'Brian', 1507),
(24442, 871, 'Sean', 1600),
(24443, 872, 'Mark', 1397),
(24444, 872, 'Constantine', 1360),
(24445, 873, 'Constantine', 1383),
(24446, 873, 'Ryan', 1581),
(24447, 873, 'Roland', 1524),
(24448, 873, 'Brian', 1491),
(24449, 874, 'Ryan', 1593),
(24450, 874, 'Sean', 1604),
(24451, 874, 'Brian', 1492),
(24452, 874, 'Constantine', 1381),
(24453, 874, 'Emily', 1485),
(24454, 876, 'Ryan', 1605),
(24455, 876, 'Sean', 1604),
(24456, 876, 'Constantine', 1384),
(24457, 876, 'Benjamin', 1485),
(24458, 875, 'Mark', 1418),
(24459, 875, 'Roland', 1520),
(24460, 875, 'Brian', 1475),
(24461, 877, 'Brian', 1491),
(24462, 877, 'Roland', 1517),
(24463, 877, 'Mark', 1405),
(24464, 878, 'Roland', 1529),
(24465, 878, 'Benjamin', 1484),
(24466, 878, 'Constantine', 1373),
(24467, 879, 'Brian', 1513),
(24468, 879, 'Ryan', 1602),
(24469, 879, 'Sean', 1585),
(24470, 880, 'Tim', 1515),
(24471, 880, 'Sean', 1590),
(24472, 880, 'Ryan', 1601),
(24473, 880, 'Constantine', 1377),
(24474, 880, 'Roland', 1517),
(24475, 880, 'Mark', 1394),
(24476, 881, 'Sean', 1604),
(24477, 881, 'Roland', 1525),
(24478, 881, 'Ryan', 1592),
(24479, 881, 'Tim', 1502),
(24480, 882, 'Tim', 1522),
(24481, 882, 'Sean', 1606),
(24482, 882, 'Ryan', 1584),
(24483, 882, 'Roland', 1511),
(24484, 883, 'Sean', 1617),
(24485, 883, 'Ryan', 1587),
(24486, 883, 'Brian', 1513),
(24487, 883, 'Constantine', 1374),
(24488, 883, 'Mark', 1383),
(24489, 884, 'Ryan', 1599),
(24490, 884, 'Brian', 1521),
(24491, 884, 'Sean', 1613),
(24492, 884, 'Constantine', 1374),
(24493, 884, 'Roland', 1495),
(24494, 885, 'Sean', 1623),
(24495, 885, 'Roland', 1498),
(24496, 885, 'Karen', 1487),
(24497, 886, 'Ryan', 1606),
(24498, 886, 'Constantine', 1379),
(24499, 886, 'Mark', 1371),
(24500, 889, 'Sean', 1634),
(24501, 889, 'Constantine', 1389),
(24502, 889, 'Ryan', 1585),
(24503, 887, 'Mark', 1393),
(24504, 887, 'Karen', 1484),
(24505, 887, 'Roland', 1479),
(24506, 888, 'Roland', 1493),
(24507, 888, 'Karen', 1482),
(24508, 888, 'Mark', 1381),
(24509, 890, 'Sean', 1644),
(24510, 890, 'Constantine', 1398),
(24511, 890, 'Ryan', 1566),
(24512, 893, 'Sean', 1652),
(24513, 893, 'Constantine', 1405),
(24514, 893, 'Karen', 1467),
(24515, 891, 'Ryan', 1579),
(24516, 891, 'Brian', 1521),
(24517, 891, 'Roland', 1480),
(24518, 892, 'Roland', 1498),
(24519, 892, 'Brian', 1503),
(24520, 894, 'Roland', 1515),
(24521, 894, 'Sean', 1655),
(24522, 894, 'Ryan', 1579),
(24523, 894, 'Brian', 1500),
(24524, 894, 'Karen', 1460),
(24525, 894, 'Constantine', 1395),
(24526, 895, 'Sean', 1664),
(24527, 895, 'Ryan', 1577),
(24528, 895, 'Constantine', 1388),
(24529, 896, 'Ryan', 1591),
(24530, 896, 'Sean', 1657),
(24531, 896, 'Constantine', 1381),
(24532, 897, 'Tony', 1553),
(24533, 897, 'Sean', 1657),
(24534, 897, 'Brian', 1499),
(24535, 897, 'Ryan', 1574),
(24536, 898, 'Mark', 1400),
(24537, 898, 'Roland', 1509),
(24538, 898, 'Constantine', 1368),
(24539, 899, 'Ryan', 1587),
(24540, 899, 'Sean', 1659),
(24541, 899, 'Mark', 1408),
(24542, 899, 'Roland', 1505),
(24543, 899, 'Brian', 1489),
(24544, 899, 'Constantine', 1359),
(24545, 900, 'Constantine', 1386),
(24546, 900, 'Sean', 1651),
(24547, 900, 'Ryan', 1568),
(24548, 901, 'Roland', 1525),
(24549, 901, 'Ryan', 1569),
(24550, 901, 'Sean', 1630),
(24551, 904, 'Brian', 1503),
(24552, 904, 'Constantine', 1395),
(24553, 904, 'Emily', 1478),
(24554, 904, 'Karen', 1444),
(24555, 905, 'Constantine', 1417),
(24556, 905, 'Karen', 1455),
(24557, 905, 'Brian', 1503),
(24558, 905, 'Sean', 1616),
(24559, 905, 'Ryan', 1550),
(24560, 902, 'Sean', 1628),
(24561, 902, 'Roland', 1528),
(24562, 902, 'Ryan', 1535),
(24563, 903, 'Ryan', 1553),
(24564, 903, 'Sean', 1624),
(24565, 903, 'Roland', 1514),
(24566, 906, 'Sean', 1632),
(24567, 906, 'Constantine', 1427),
(24568, 906, 'Ryan', 1545),
(24569, 906, 'Mark', 1398),
(24570, 907, 'Brian', 1522),
(24571, 907, 'Roland', 1521),
(24572, 907, 'Sean', 1622),
(24573, 907, 'Ryan', 1529),
(24574, 908, 'Mark', 1416),
(24575, 908, 'Karen', 1453),
(24576, 908, 'Constantine', 1411),
(24577, 909, 'Sean', 1631),
(24578, 909, 'Karen', 1465),
(24579, 909, 'Mark', 1426),
(24580, 909, 'Roland', 1521),
(24581, 909, 'Constantine', 1410),
(24582, 909, 'Brian', 1511),
(24583, 909, 'Ryan', 1510),
(24584, 910, 'Tony', 1566),
(24585, 910, 'Keith', 1505),
(24586, 910, 'Roland', 1514),
(24587, 910, 'Constantine', 1399),
(24588, 911, 'Ryan', 1526),
(24589, 911, 'Sean', 1630),
(24590, 911, 'Brian', 1506),
(24591, 911, 'Constantine', 1389),
(24592, 912, 'Tony', 1581),
(24593, 912, 'Ryan', 1533),
(24594, 912, 'Brian', 1504),
(24595, 912, 'Sean', 1610),
(24596, 913, 'Constantine', 1407),
(24597, 913, 'Mark', 1408),
(24598, 914, 'Mark', 1424),
(24599, 914, 'Constantine', 1391),
(24600, 915, 'Sean', 1622),
(24601, 915, 'Ryan', 1534),
(24602, 915, 'Brian', 1491),
(24603, 916, 'Brian', 1508),
(24604, 916, 'Ryan', 1538),
(24605, 916, 'Constantine', 1392),
(24606, 916, 'Sean', 1600),
(24607, 917, 'Constantine', 1414),
(24608, 917, 'Sean', 1600),
(24609, 917, 'Brian', 1503),
(24610, 917, 'Ryan', 1521),
(24611, 918, 'Ryan', 1536),
(24612, 918, 'Constantine', 1423),
(24613, 918, 'Mark', 1423),
(24614, 918, 'Sean', 1577),
(24615, 919, 'Sean', 1588),
(24616, 919, 'Mark', 1432),
(24617, 919, 'Constantine', 1422),
(24618, 919, 'Ryan', 1517),
(24619, 920, 'Brian', 1518),
(24620, 920, 'Sean', 1590),
(24621, 920, 'Mark', 1436),
(24622, 920, 'Ryan', 1508),
(24623, 920, 'Constantine', 1410),
(24624, 921, 'Ryan', 1526),
(24625, 921, 'Sean', 1586),
(24626, 921, 'Brian', 1504),
(24627, 922, 'Ryan', 1542),
(24628, 922, 'Sean', 1588),
(24629, 922, 'Brian', 1500),
(24630, 922, 'Roland', 1500),
(24631, 923, 'Roland', 1518),
(24632, 923, 'Ryan', 1547),
(24633, 923, 'Brian', 1497),
(24634, 923, 'Sean', 1568),
(24635, 924, 'Sean', 1582),
(24636, 924, 'Brian', 1505),
(24637, 924, 'Ryan', 1541),
(24638, 924, 'Roland', 1502),
(24639, 925, 'Roland', 1520),
(24640, 925, 'Sean', 1584),
(24641, 925, 'Brian', 1502),
(24642, 925, 'Ryan', 1524),
(24643, 926, 'Sean', 1595),
(24644, 926, 'Mark', 1449),
(24645, 926, 'Ryan', 1524),
(24646, 926, 'Brian', 1494),
(24647, 926, 'Roland', 1504),
(24648, 927, 'Sean', 1608),
(24649, 927, 'Tony', 1584),
(24650, 927, 'Bill', 1498),
(24651, 927, 'Ryan', 1510),
(24652, 928, 'Brian', 1507),
(24653, 928, 'Constantine', 1413),
(24654, 928, 'Karen', 1449),
(24655, 929, 'Roland', 1521),
(24656, 929, 'Ryan', 1521),
(24657, 929, 'Sean', 1607),
(24658, 929, 'Tony', 1578),
(24659, 929, 'Brian', 1499),
(24660, 929, 'Bill', 1485),
(24661, 930, 'Sean', 1619),
(24662, 930, 'Roland', 1527),
(24663, 930, 'Ryan', 1517),
(24664, 930, 'Brian', 1485),
(24665, 931, 'Roland', 1541),
(24666, 931, 'Ryan', 1521),
(24667, 931, 'Constantine', 1411),
(24668, 931, 'Brian', 1469),
(24669, 932, 'Sean', 1628),
(24670, 932, 'Brian', 1476),
(24671, 932, 'Constantine', 1412),
(24672, 932, 'Ryan', 1504),
(24673, 933, 'Sean', 1639),
(24674, 933, 'Roland', 1542),
(24675, 933, 'Ryan', 1492),
(24676, 934, 'Roland', 1559),
(24677, 934, 'Sean', 1634),
(24678, 934, 'Ryan', 1480),
(24679, 935, 'Ryan', 1501),
(24680, 935, 'Sean', 1629),
(24681, 935, 'Roland', 1543),
(24682, 936, 'Tristan', 1503),
(24683, 936, 'Ryan', 1506),
(24684, 936, 'Dan', 1496),
(24685, 936, 'Tony', 1558),
(24686, 937, 'Roland', 1558),
(24687, 937, 'Tony', 1561),
(24688, 937, 'Brian', 1474),
(24689, 937, 'Keith', 1489),
(24690, 938, 'Ryan', 1521),
(24691, 938, 'Bill', 1495),
(24692, 938, 'Karen', 1452),
(24693, 938, 'Sean', 1614),
(24694, 938, 'Mark', 1436),
(24695, 939, 'Tony', 1574),
(24696, 939, 'Brian', 1483),
(24697, 939, 'Roland', 1550),
(24698, 939, 'Keith', 1475),
(24699, 940, 'Roland', 1563),
(24700, 940, 'Brian', 1486),
(24701, 940, 'Ryan', 1505),
(24702, 941, 'Keith', 1494),
(24703, 941, 'Ryan', 1510),
(24704, 941, 'Tony', 1565),
(24705, 941, 'Bill', 1480),
(24706, 943, 'Brian', 1502),
(24707, 943, 'Mark', 1443),
(24708, 943, 'Bill', 1475),
(24709, 943, 'Ryan', 1492),
(24710, 942, 'Roland', 1580),
(24711, 942, 'Sean', 1612),
(24712, 942, 'Tony', 1550),
(24713, 944, 'Tony', 1566),
(24714, 944, 'Sean', 1617),
(24715, 944, 'Roland', 1580),
(24716, 944, 'Bill', 1474),
(24717, 944, 'Ryan', 1485),
(24718, 944, 'Brian', 1489),
(24719, 945, 'Sean', 1627),
(24720, 945, 'Brian', 1492),
(24721, 945, 'Ryan', 1472),
(24722, 946, 'Tony', 1579),
(24723, 946, 'Brian', 1501),
(24724, 946, 'Ryan', 1478),
(24725, 946, 'Constantine', 1414),
(24726, 946, 'Bill', 1467),
(24727, 946, 'Sean', 1604),
(24728, 947, 'Brian', 1514),
(24729, 947, 'Ryan', 1478),
(24730, 947, 'Constantine', 1401),
(24731, 948, 'Ryan', 1494),
(24732, 948, 'Sean', 1605),
(24733, 948, 'Mark', 1445),
(24734, 948, 'Bill', 1460),
(24735, 948, 'Constantine', 1389),
(24736, 949, 'Sean', 1617),
(24737, 949, 'Tony', 1577),
(24738, 949, 'Karen', 1442),
(24739, 950, 'Ryan', 1508),
(24740, 950, 'Constantine', 1393),
(24741, 950, 'Darya', 1482),
(24742, 951, 'Sean', 1626),
(24743, 951, 'Karen', 1433),
(24744, 952, 'Constantine', 1413),
(24745, 952, 'Ryan', 1503),
(24746, 952, 'Karen', 1418),
(24747, 953, 'Constantine', 1435),
(24748, 953, 'Brian', 1519),
(24749, 953, 'Sean', 1615),
(24750, 953, 'Ryan', 1487),
(24751, 954, 'Brian', 1535),
(24752, 954, 'Sean', 1614),
(24753, 954, 'Ryan', 1484),
(24754, 954, 'Constantine', 1423),
(24755, 955, 'Sean', 1624),
(24756, 955, 'Ryan', 1491),
(24757, 955, 'Constantine', 1423),
(24758, 955, 'Brian', 1518),
(24759, 956, 'Constantine', 1442),
(24760, 956, 'Roland', 1574),
(24761, 956, 'Karen', 1405),
(24762, 957, 'Sean', 1635),
(24763, 957, 'Brian', 1519),
(24764, 957, 'Ryan', 1479),
(24765, 958, 'Karen', 1427),
(24766, 958, 'Sean', 1639),
(24767, 958, 'Ryan', 1484),
(24768, 958, 'Roland', 1567),
(24769, 958, 'Brian', 1509),
(24770, 958, 'Constantine', 1428),
(24771, 959, 'Brian', 1524),
(24772, 959, 'Constantine', 1440),
(24773, 959, 'Karen', 1431),
(24774, 959, 'Ryan', 1476),
(24775, 959, 'Sean', 1616),
(24776, 960, 'Ryan', 1494),
(24777, 960, 'Roland', 1574),
(24778, 960, 'Mark', 1452),
(24779, 960, 'Tony', 1572),
(24780, 960, 'Bill', 1455),
(24781, 960, 'Sean', 1594),
(24782, 961, 'Mark', 1471),
(24783, 961, 'Tony', 1578),
(24784, 961, 'Sean', 1594),
(24785, 961, 'Ryan', 1493),
(24786, 961, 'Bill', 1449),
(24787, 961, 'Roland', 1556),
(24788, 962, 'Tony', 1591),
(24789, 962, 'Roland', 1559),
(24790, 962, 'Keith', 1491),
(24791, 962, 'Ryan', 1480),
(24792, 963, 'Roland', 1573),
(24793, 963, 'Keith', 1499),
(24794, 963, 'Ryan', 1478),
(24795, 963, 'Tony', 1571),
(24796, 964, 'Keith', 1512),
(24797, 964, 'Karen', 1433),
(24798, 964, 'Constantine', 1425),
(24799, 965, 'Tony', 1585),
(24800, 965, 'Brian', 1534),
(24801, 965, 'Sean', 1592),
(24802, 965, 'Ryan', 1474),
(24803, 965, 'Roland', 1555),
(24804, 966, 'Constantine', 1445),
(24805, 966, 'Keith', 1492),
(24806, 967, 'Constantine', 1463),
(24807, 967, 'Keith', 1474),
(24808, 968, 'Sean', 1604),
(24809, 968, 'Brian', 1534),
(24810, 968, 'Ryan', 1462),
(24811, 969, 'Mark', 1486),
(24812, 969, 'Constantine', 1462),
(24813, 969, 'Karen', 1419),
(24814, 970, 'Sean', 1617),
(24815, 970, 'Roland', 1560),
(24816, 970, 'Ryan', 1462),
(24817, 970, 'Tony', 1567),
(24818, 972, 'Karen', 1438),
(24819, 972, 'Mark', 1491),
(24820, 972, 'Roland', 1551),
(24821, 972, 'Constantine', 1447),
(24822, 971, 'Tony', 1582),
(24823, 971, 'Ryan', 1467),
(24824, 971, 'Sean', 1597),
(24825, 973, 'Ryan', 1484),
(24826, 973, 'Roland', 1552),
(24827, 973, 'Karen', 1434),
(24828, 973, 'Constantine', 1433),
(24829, 974, 'Karen', 1451),
(24830, 974, 'Ryan', 1482),
(24831, 974, 'Constantine', 1418),
(24832, 975, 'Ryan', 1496),
(24833, 975, 'Karen', 1451),
(24834, 975, 'Constantine', 1404),
(24835, 976, 'Karen', 1467),
(24836, 976, 'Ryan', 1493),
(24837, 976, 'Constantine', 1391),
(24838, 978, 'Ryan', 1507),
(24839, 978, 'Constantine', 1400),
(24840, 978, 'Mark', 1484),
(24841, 978, 'Karen', 1451),
(24842, 977, 'Sean', 1609),
(24843, 977, 'Brian', 1543),
(24844, 977, 'Roland', 1552),
(24845, 977, 'Tony', 1572),
(24846, 977, 'Bill', 1438),
(24847, 979, 'Mark', 1499),
(24848, 979, 'Ryan', 1509),
(24849, 979, 'Constantine', 1398),
(24850, 979, 'Karen', 1436),
(24851, 981, 'Brian', 1558),
(24852, 981, 'Tony', 1568),
(24853, 981, 'Bill', 1427),
(24854, 980, 'Brian', 1570),
(24855, 980, 'Ryan', 1512),
(24856, 980, 'Constantine', 1397),
(24857, 980, 'Karen', 1422),
(24858, 983, 'Bill', 1448),
(24859, 983, 'Roland', 1556),
(24860, 983, 'Brian', 1561),
(24861, 983, 'Ryan', 1496),
(24862, 982, 'Mark', 1511),
(24863, 982, 'Constantine', 1400),
(24864, 982, 'Karen', 1407),
(24865, 984, 'Constantine', 1418),
(24866, 984, 'Mark', 1507),
(24867, 984, 'Karen', 1393),
(24868, 985, 'Roland', 1570),
(24869, 985, 'Ryan', 1497),
(24870, 985, 'Mark', 1492),
(24871, 987, 'Brian', 1571),
(24872, 987, 'Ryan', 1501),
(24873, 987, 'Karen', 1392),
(24874, 987, 'Constantine', 1405),
(24875, 986, 'Ryan', 1517),
(24876, 986, 'Roland', 1573),
(24877, 986, 'Brian', 1566),
(24878, 986, 'Karen', 1389),
(24879, 986, 'Constantine', 1394),
(24880, 988, 'Sean', 1620),
(24881, 988, 'Constantine', 1402),
(24882, 988, 'Brian', 1547),
(24883, 989, 'Sean', 1630),
(24884, 989, 'Constantine', 1409),
(24885, 989, 'Brian', 1530),
(24886, 991, 'Tony', 1583),
(24887, 991, 'Sean', 1631),
(24888, 991, 'Bill', 1460),
(24889, 991, 'Roland', 1565),
(24890, 991, 'Ryan', 1512),
(24891, 991, 'Brian', 1515),
(24892, 995, 'Karen', 1406),
(24893, 995, 'Constantine', 1392),
(24894, 996, 'Karen', 1421),
(24895, 996, 'Constantine', 1377),
(24896, 994, 'Sean', 1641),
(24897, 994, 'Brian', 1517),
(24898, 994, 'Mark', 1480),
(24899, 992, 'Roland', 1580),
(24900, 992, 'Tony', 1585),
(24901, 992, 'Ryan', 1508),
(24902, 992, 'Bill', 1447),
(24903, 993, 'Roland', 1593),
(24904, 993, 'Ryan', 1495),
(24905, 997, 'Ryan', 1513),
(24906, 997, 'Roland', 1588),
(24907, 997, 'Mark', 1467),
(24908, 998, 'Ryan', 1529),
(24909, 998, 'Brian', 1523),
(24910, 998, 'Roland', 1580),
(24911, 998, 'Mark', 1453),
(24912, 1003, 'Brian', 1541),
(24913, 1003, 'Roland', 1585),
(24914, 1003, 'Sean', 1632),
(24915, 1003, 'Ryan', 1515),
(24916, 1005, 'Sean', 1640),
(24917, 1005, 'Mark', 1463),
(24918, 1005, 'Brian', 1538),
(24919, 1005, 'Karen', 1415),
(24920, 1005, 'Constantine', 1368),
(24921, 1004, 'Ryan', 1532),
(24922, 1004, 'Tony', 1589),
(24923, 1004, 'Bill', 1453),
(24924, 1004, 'Quinn', 1493),
(24925, 1004, 'Roland', 1565),
(24926, 1006, 'Brian', 1554),
(24927, 1006, 'Karen', 1426),
(24928, 1006, 'Ryan', 1527),
(24929, 1006, 'Sean', 1618),
(24930, 1007, 'Brian', 1565),
(24931, 1007, 'Ryan', 1529),
(24932, 1007, 'Constantine', 1368),
(24933, 1007, 'Karen', 1413),
(24934, 1008, 'Roland', 1577),
(24935, 1008, 'Jerek', 1509),
(24936, 1008, 'SeanG', 1501),
(24937, 1008, 'Quinn', 1486),
(24938, 1008, 'Erinne', 1485),
(24939, 1010, 'Bill', 1470),
(24940, 1010, 'Ryan', 1534),
(24941, 1010, 'Tony', 1584),
(24942, 1010, 'Constantine', 1366),
(24943, 1010, 'Mark', 1448),
(24944, 1009, 'Erinne', 1504),
(24945, 1009, 'Roland', 1578),
(24946, 1009, 'SeanG', 1496),
(24947, 1009, 'Jerek', 1494),
(24948, 1011, 'Sean', 1627),
(24949, 1011, 'Mark', 1456),
(24950, 1011, 'Ryan', 1526),
(24951, 1011, 'Constantine', 1357),
(24952, 1012, 'Sean', 1637),
(24953, 1012, 'Brian', 1568),
(24954, 1012, 'Ryan', 1520),
(24955, 1012, 'Constantine', 1350),
(24956, 1013, 'Sean', 1645),
(24957, 1013, 'Constantine', 1359),
(24958, 1013, 'Ryan', 1503),
(24959, 1014, 'Sean', 1653),
(24960, 1014, 'Ryan', 1503),
(24961, 1014, 'Constantine', 1351),
(24962, 1015, 'Ryan', 1519),
(24963, 1015, 'Sean', 1644),
(24964, 1015, 'Constantine', 1344),
(24965, 1017, 'Bill', 1483),
(24966, 1017, 'Constantine', 1349),
(24967, 1017, 'Mark', 1438),
(24968, 1016, 'Ryan', 1539),
(24969, 1016, 'Roland', 1579),
(24970, 1016, 'Sean', 1623),
(24971, 1018, 'Sean', 1636),
(24972, 1018, 'Roland', 1579),
(24973, 1018, 'Ryan', 1526),
(24974, 1019, 'Bill', 1500),
(24975, 1019, 'Ryan', 1525),
(24976, 1019, 'Sean', 1628),
(24977, 1019, 'Constantine', 1341),
(24978, 1020, 'Keith', 1492),
(24979, 1020, 'Ryan', 1529),
(24980, 1020, 'Mark', 1436),
(24981, 1020, 'Roland', 1559),
(24982, 1021, 'Ryan', 1544),
(24983, 1021, 'Keith', 1497),
(24984, 1021, 'Roland', 1551),
(24985, 1021, 'Mark', 1424);

-- --------------------------------------------------------

--
-- Table structure for table `games`
--

CREATE TABLE IF NOT EXISTS `games` (
  `gameid` int(11) NOT NULL AUTO_INCREMENT,
  `date` date NOT NULL,
  `number` int(11) NOT NULL,
  `name` text COLLATE utf8_bin NOT NULL,
  `owner` text COLLATE utf8_bin NOT NULL,
  `club` text COLLATE utf8_bin NOT NULL,
  PRIMARY KEY (`gameid`),
  UNIQUE KEY `gameid` (`gameid`),
  KEY `gameid_2` (`gameid`),
  KEY `gameid_3` (`gameid`)
) ENGINE=InnoDB  DEFAULT CHARSET=utf8 COLLATE=utf8_bin AUTO_INCREMENT=1023 ;

--
-- Dumping data for table `games`
--

INSERT INTO `games` (`gameid`, `date`, `number`, `name`, `owner`, `club`) VALUES
(828, '2015-04-20', 1, 'Concordia', 'Constantine', 'GamenightEx'),
(829, '2015-04-20', 2, 'Kingdom Builder', 'Roland', 'GamenightEx'),
(830, '2015-04-27', 1, 'Caverna', 'Constantine', 'GamenightEx'),
(831, '2015-04-27', 1, 'Concordia', 'Constantine', 'GamenightEx'),
(832, '2015-04-27', 2, 'Dominion', 'Ryan', 'GamenightEx'),
(833, '2015-05-02', 1, 'Terra Mystica', 'Constantine', 'GamenightEx'),
(834, '2015-05-04', 1, 'Concordia', 'Constantine', 'GamenightEx'),
(835, '2015-05-04', 1, 'Agricola', 'Brian', 'GamenightEx'),
(836, '2015-05-04', 2, 'Dominion', 'Ryan', 'GamenightEx'),
(837, '2015-05-04', 2, 'Dominion', 'Ryan', 'GamenightEx'),
(838, '2015-05-11', 1, 'Trajan', 'Constantine', 'GamenightEx'),
(839, '2015-05-11', 1, 'Railways of the World', 'Roland', 'GamenightEx'),
(840, '2015-05-11', 2, 'Dominion', 'Ryan', 'GamenightEx'),
(841, '2015-05-11', 3, 'Splendor', 'Constantine', 'GamenightEx'),
(842, '2015-05-11', 3, 'Dominion', 'Ryan', 'GamenightEx'),
(843, '2015-05-17', 1, 'Dominion', 'Ryan', 'GamenightEx'),
(844, '2015-05-17', 2, 'Dominion', 'Ryan', 'GamenightEx'),
(845, '2015-05-17', 3, 'Survive', 'Constantine', 'GamenightEx'),
(846, '2015-05-17', 4, '7 Wonders', 'Constantine', 'GamenightEx'),
(847, '2015-05-18', 1, 'Concordia', 'Constantine', 'GamenightEx'),
(848, '2015-05-18', 2, 'Dominion', 'Ryan', 'GamenightEx'),
(849, '2015-05-23', 1, 'Terra Mystica', 'Constantine', 'GamenightEx'),
(850, '2015-05-23', 2, 'Dominion', 'Ryan', 'GamenightEx'),
(851, '2015-05-25', 1, 'Agricola', 'Brian', 'GamenightEx'),
(852, '2015-05-25', 1, 'Panamax', 'Constantine', 'GamenightEx'),
(853, '2015-05-25', 2, 'Puerto Rico', 'Tim', 'GamenightEx'),
(854, '2015-05-25', 2, 'Splendor', 'Roland', 'GamenightEx'),
(855, '2015-05-25', 3, 'Kingdom Builder', 'Roland', 'GamenightEx'),
(856, '2015-05-29', 1, 'Dominion', 'Ryan', 'GamenightEx'),
(857, '2015-05-29', 2, 'Dominion', 'Ryan', 'GamenightEx'),
(858, '2015-05-29', 3, 'Dominion', 'Ryan', 'GamenightEx'),
(859, '2015-05-29', 4, 'Dominion', 'Ryan', 'GamenightEx'),
(860, '2015-05-30', 1, 'Eclipse', 'Constantine', 'GamenightEx'),
(861, '2015-06-01', 1, 'Concordia', 'Constantine', 'GamenightEx'),
(862, '2015-06-01', 2, 'Splendor', 'Roland', 'GamenightEx'),
(863, '2015-06-05', 1, 'Dominion', 'Ryan', 'GamenightEx'),
(864, '2015-06-05', 2, 'Splendor', 'Roland', 'GamenightEx'),
(865, '2015-06-08', 1, 'Railways of the World', 'Roland', 'GamenightEx'),
(866, '2015-06-08', 1, 'Concordia', 'Constantine', 'GamenightEx'),
(867, '2015-06-08', 2, 'Splendor', 'Roland', 'GamenightEx'),
(868, '2015-06-08', 3, 'Splendor', 'Roland', 'GamenightEx'),
(869, '2015-06-08', 2, 'Dominion', 'Ryan', 'GamenightEx'),
(870, '2015-06-08', 4, 'Splendor', 'Roland', 'GamenightEx'),
(871, '2015-06-15', 1, 'Steam', 'Tony', 'GamenightEx'),
(872, '2015-06-15', 1, 'Brew Crafters', 'Constantine', 'GamenightEx'),
(873, '2015-06-15', 2, 'Splendor', 'Roland', 'GamenightEx'),
(874, '2015-06-20', 1, 'Brew Crafters', 'Constantine', 'GamenightEx'),
(875, '2015-06-22', 1, 'El Grande', 'Roland', 'GamenightEx'),
(876, '2015-06-22', 1, 'Brew Crafters', 'Constantine', 'GamenightEx'),
(877, '2015-06-22', 2, 'Splendor', 'Roland', 'GamenightEx'),
(878, '2015-06-22', 3, 'Splendor', 'Roland', 'GamenightEx'),
(879, '2015-06-22', 3, 'Dominion', 'Ryan', 'GamenightEx'),
(880, '2015-06-29', 1, 'Power Grid', 'Roland', 'GamenightEx'),
(881, '2015-06-29', 2, 'Splendor', 'Roland', 'GamenightEx'),
(882, '2015-06-29', 3, 'Splendor', 'Roland', 'GamenightEx'),
(883, '2015-07-04', 1, 'Brew Crafters', 'Constantine', 'GamenightEx'),
(884, '2015-07-06', 1, 'Brew Crafters', 'Constantine', 'GamenightEx'),
(885, '2015-07-13', 1, 'Railways of the World', 'Roland', 'GamenightEx'),
(886, '2015-07-13', 1, 'Concordia', 'Constantine', 'GamenightEx'),
(887, '2015-07-13', 2, 'Splendor', 'Roland', 'GamenightEx'),
(888, '2015-07-13', 3, 'Splendor', 'Roland', 'GamenightEx'),
(889, '2015-07-13', 2, 'Star Realms', 'Constantine', 'GamenightEx'),
(890, '2015-07-13', 3, 'Star Realms', 'Constantine', 'GamenightEx'),
(891, '2015-07-20', 1, 'Railways of the World', 'Roland', 'GamenightEx'),
(892, '2015-07-20', 2, 'Splendor', 'Roland', 'GamenightEx'),
(893, '2015-07-20', 1, 'Panamax', 'Roland', 'GamenightEx'),
(894, '2015-07-20', 3, 'Paris Connection', 'Roland', 'GamenightEx'),
(895, '2015-07-25', 1, 'Eylsium', 'Constantine', 'GamenightEx'),
(896, '2015-07-25', 2, 'Citadels', 'Ryan', 'GamenightEx'),
(897, '2015-07-27', 1, 'Hansa Teutonica', 'Tony', 'GamenightEx'),
(898, '2015-07-27', 1, 'Concordia', 'Constantine', 'GamenightEx'),
(899, '2015-07-27', 2, 'Citadels', 'Ryan', 'GamenightEx'),
(900, '2015-08-08', 1, 'Terra Mystica', 'Roland', 'GamenightEx'),
(901, '2015-08-10', 1, 'Power Grid', 'Roland', 'GamenightEx'),
(902, '2015-08-10', 2, 'Splendor', 'Roland', 'GamenightEx'),
(903, '2015-08-10', 3, 'Puerto Rico', 'Tim', 'GamenightEx'),
(904, '2015-08-10', 1, 'Concordia', 'Ryan', 'GamenightEx'),
(905, '2015-08-10', 2, 'Citadels', 'Ryan', 'GamenightEx'),
(906, '2015-08-15', 1, 'Eclipse', 'Constantine', 'GamenightEx'),
(907, '2015-08-17', 1, 'Agricola', 'Brian', 'GamenightEx'),
(908, '2015-08-17', 1, 'Lord of Waterdeep', 'Constantine', 'GamenightEx'),
(909, '2015-08-17', 2, 'Citadels', 'Ryan', 'GamenightEx'),
(910, '2015-08-18', 1, 'ZhanGuo', 'Tony', 'GamenightEx'),
(911, '2015-08-23', 1, 'Concordia', 'Constantine', 'GamenightEx'),
(912, '2015-08-24', 1, 'Hansa Teutonica', 'Tony', 'GamenightEx'),
(913, '2015-08-24', 1, 'Splendor', 'Roland', 'GamenightEx'),
(914, '2015-08-24', 2, 'Star Realms', 'Constantine', 'GamenightEx'),
(915, '2015-08-24', 2, 'Splendor', 'Roland', 'GamenightEx'),
(916, '2015-08-24', 3, 'Dominion', 'Ryan', 'GamenightEx'),
(917, '2015-08-24', 4, 'Splendor', 'Roland', 'GamenightEx'),
(918, '2015-08-29', 1, 'Terra Mystica', 'Constantine', 'GamenightEx'),
(919, '2015-08-29', 2, 'Splendor', 'Constantine', 'GamenightEx'),
(920, '2015-08-31', 1, 'Terra Mystica', 'Constantine', 'GamenightEx'),
(921, '2015-08-31', 2, 'Dominion', 'Ryan', 'GamenightEx'),
(922, '2015-09-05', 1, 'El Grande', 'Roland', 'GamenightEx'),
(923, '2015-09-05', 2, 'Puerto Rico', 'Tim', 'GamenightEx'),
(924, '2015-09-05', 3, 'Splendor', 'Roland', 'GamenightEx'),
(925, '2015-09-05', 4, 'Splendor', 'Roland', 'GamenightEx'),
(926, '2015-09-06', 1, 'Terra Mystica', 'Brian', 'GamenightEx'),
(927, '2015-09-07', 1, 'Asgard', 'Tony', 'GamenightEx'),
(928, '2015-09-07', 1, 'Le Havre', 'Constantine', 'GamenightEx'),
(929, '2015-09-07', 1, 'Power Grid', 'Roland', 'GamenightEx'),
(930, '2015-09-07', 2, 'Splendor', 'Roland', 'GamenightEx'),
(931, '2015-09-07', 3, 'Splendor', 'Roland', 'GamenightEx'),
(932, '2015-09-19', 1, 'Vinhos', 'Constantine', 'GamenightEx'),
(933, '2015-09-21', 1, 'Russian Railroads', 'Roland', 'GamenightEx'),
(934, '2015-09-21', 2, 'Railways of the World', 'Roland', 'GamenightEx'),
(935, '2015-09-21', 3, 'Chicago Express', 'Roland', 'GamenightEx'),
(936, '2015-09-24', 1, 'Puerto Rico', 'Tim', 'GamenightEx'),
(937, '2015-09-28', 1, 'Tammany Hall', 'Tony', 'GamenightEx'),
(938, '2015-09-28', 1, 'Automobile', 'Bill', 'GamenightEx'),
(939, '2015-09-28', 2, 'Splendor', 'Roland', 'GamenightEx'),
(940, '2015-09-28', 3, 'Kingdom Builder', 'Roland', 'GamenightEx'),
(941, '2015-10-01', 1, 'La Granja', 'Tony', 'GamenightEx'),
(942, '2015-10-05', 1, 'ZhanGuo', 'Tony', 'GamenightEx'),
(943, '2015-10-05', 1, 'Automobile', 'Bill', 'GamenightEx'),
(944, '2015-10-05', 2, 'Medici', 'Tony', 'GamenightEx'),
(945, '2015-10-11', 1, 'Terra Mystica', 'Brian', 'GamenightEx'),
(946, '2015-10-12', 1, 'Keyflower', 'Roland', 'GamenightEx'),
(947, '2015-10-12', 2, 'Splendor', 'Roland', 'GamenightEx'),
(948, '2015-10-17', 1, 'Automobile', 'Bill', 'GamenightEx'),
(949, '2015-10-19', 1, 'Navegador', 'Tony', 'GamenightEx'),
(950, '2015-10-19', 1, 'Five Tribes', 'Constantine', 'GamenightEx'),
(951, '2015-10-19', 2, 'Splendor', 'Roland', 'GamenightEx'),
(952, '2015-10-19', 3, 'Splendor', 'Roland', 'GamenightEx'),
(953, '2015-10-24', 1, 'Dark Moon', 'Constantine', 'GamenightEx'),
(954, '2015-10-24', 2, 'Dark Moon', 'Constantine', 'GamenightEx'),
(955, '2015-10-24', 3, 'Splendor', 'Roland', 'GamenightEx'),
(956, '2015-10-26', 1, 'Istanbul', 'Constantine', 'GamenightEx'),
(957, '2015-10-26', 1, 'Terra Mystica', 'Roland', 'GamenightEx'),
(958, '2015-10-26', 2, 'Dark Moon', 'Constantine', 'GamenightEx'),
(959, '2015-10-26', 2, 'Dark Moon', 'Constantine', 'GamenightEx'),
(960, '2015-11-02', 1, 'Antike II', 'Bill', 'GamenightEx'),
(961, '2015-11-02', 2, 'Chicago Express', 'Roland', 'GamenightEx'),
(962, '2015-11-05', 1, 'ZhanGuo', 'Tony', 'GamenightEx'),
(963, '2015-11-05', 2, 'Santiago', 'Tony', 'GamenightEx'),
(964, '2015-11-09', 1, 'Istanbul', 'Constantine', 'GamenightEx'),
(965, '2015-11-09', 1, 'Steam', 'Tony', 'GamenightEx'),
(966, '2015-11-09', 2, 'Star Realms', 'Constantine', 'GamenightEx'),
(967, '2015-11-09', 3, 'Star Realms', 'Constantine', 'GamenightEx'),
(968, '2015-11-11', 1, 'Terra Mystica', 'Brian', 'GamenightEx'),
(969, '2015-11-16', 1, 'Five Tribes', 'Constantine', 'GamenightEx'),
(970, '2015-11-16', 1, 'Bruxelles 1893', 'Tony', 'GamenightEx'),
(971, '2015-11-16', 2, 'Splendor', 'Constantine', 'GamenightEx'),
(972, '2015-11-16', 2, 'Five Tribes', 'Constantine', 'GamenightEx'),
(973, '2015-11-16', 3, 'Puerto Rico', 'Tim', 'GamenightEx'),
(974, '2015-11-21', 1, '7 Wonders', 'Constantine', 'GamenightEx'),
(975, '2015-11-21', 2, 'Istanbul', 'Constantine', 'GamenightEx'),
(976, '2015-11-21', 3, 'Takenoko', 'Constantine', 'GamenightEx'),
(977, '2015-11-23', 1, 'El Grande', 'Roland', 'GamenightEx'),
(978, '2015-11-23', 1, 'Castles of Mad King Ludwig', 'Constantine', 'GamenightEx'),
(979, '2015-11-23', 2, 'Splendor', 'Roland', 'GamenightEx'),
(980, '2015-11-23', 3, 'Kingdom Builder', 'Roland', 'GamenightEx'),
(981, '2015-11-23', 2, 'Splendor', 'Roland', 'GamenightEx'),
(982, '2015-11-30', 1, 'Castles of Mad King Ludwig', 'Constantine', 'GamenightEx'),
(983, '2015-11-30', 1, 'Imperial 2030', 'Bill', 'GamenightEx'),
(984, '2015-11-30', 2, 'Istanbul', 'Constantine', 'GamenightEx'),
(985, '2015-11-30', 2, 'Splendor', 'Roland', 'GamenightEx'),
(986, '2015-11-30', 3, 'Kingdom Builder', 'Roland', 'GamenightEx'),
(987, '2015-11-30', 2, 'Splendor', 'Roland', 'GamenightEx'),
(988, '2015-12-05', 1, 'Castles of Mad King Ludwig', 'Constantine', 'GamenightEx'),
(989, '2015-12-05', 2, 'Splendor', 'Constantine', 'GamenightEx'),
(991, '2015-12-07', 1, 'Antike II', 'Bill', 'GamenightEx'),
(992, '2015-12-07', 2, 'Paris Connection', 'Roland', 'GamenightEx'),
(993, '2015-12-07', 3, 'Stratego', 'Roland', 'GamenightEx'),
(994, '2015-12-07', 2, 'Puerto Rico', 'Tim', 'GamenightEx'),
(995, '2015-12-07', 1, '7 Wonders: Duel', 'Constantine', 'GamenightEx'),
(996, '2015-12-07', 2, '7 Wonders: Duel', 'Constantine', 'GamenightEx'),
(997, '2015-12-10', 1, 'Tzolkin', 'Roland', 'GamenightEx'),
(998, '2015-12-10', 2, 'Russian Railroads', 'Roland', 'GamenightEx'),
(1003, '2015-12-12', 1, 'Tzolkin', 'Brian', 'GamenightEx'),
(1004, '2015-12-14', 1, 'Age of Empires III', 'Tony', 'GamenightEx'),
(1005, '2015-12-14', 1, 'Concordia', 'Constantine', 'GamenightEx'),
(1006, '2015-12-15', 1, 'Coup', 'Brian', 'GamenightEx'),
(1007, '2015-12-20', 1, 'Castles of Mad King Ludwig', 'Constantine', 'GamenightEx'),
(1008, '2015-12-21', 1, 'Agricola', 'Brian', 'GamenightEx'),
(1009, '2015-12-21', 2, 'Exploding Kittens', 'Jerek', 'GamenightEx'),
(1010, '2015-12-21', 1, 'Tammany Hall', 'Tony', 'GamenightEx'),
(1011, '2015-12-23', 1, 'Through the Ages', 'Ryan', 'GamenightEx'),
(1012, '2015-12-24', 1, 'Puerto Rico', 'Tim', 'GamenightEx'),
(1013, '2015-12-26', 1, 'Kemet', 'Ryan', 'GamenightEx'),
(1014, '2015-12-26', 2, 'Concordia', 'Constantine', 'GamenightEx'),
(1015, '2015-12-26', 3, 'Splendor', 'Roland', 'GamenightEx'),
(1016, '2015-12-28', 1, 'Caylus', 'Ryan', 'GamenightEx'),
(1017, '2015-12-28', 1, 'Aquasphere', 'Bill', 'GamenightEx'),
(1018, '2015-12-28', 2, 'Coup', 'Ryan', 'GamenightEx'),
(1019, '2015-12-28', 3, 'Antike II', 'Ryan', 'GamenightEx'),
(1020, '2015-12-29', 1, 'Power Grid', 'Roland', 'GamenightEx'),
(1021, '2015-12-29', 2, 'Power Grid', 'Roland', 'GamenightEx');

-- --------------------------------------------------------

--
-- Table structure for table `scores`
--

CREATE TABLE IF NOT EXISTS `scores` (
  `scoreid` int(11) NOT NULL AUTO_INCREMENT,
  `gameid` int(11) NOT NULL,
  `position` int(11) NOT NULL,
  `name` text COLLATE utf8_bin NOT NULL,
  `points` int(11) NOT NULL,
  PRIMARY KEY (`scoreid`),
  UNIQUE KEY `scoreid` (`scoreid`),
  KEY `scoreid_2` (`scoreid`),
  KEY `scoreid_3` (`scoreid`),
  KEY `gameid` (`gameid`)
) ENGINE=InnoDB  DEFAULT CHARSET=utf8 COLLATE=utf8_bin AUTO_INCREMENT=1312 ;

--
-- Dumping data for table `scores`
--

INSERT INTO `scores` (`scoreid`, `gameid`, `position`, `name`, `points`) VALUES
(599, 828, 1, 'Ryan', 115),
(600, 828, 2, 'Sean', 110),
(601, 828, 3, 'Brian', 104),
(602, 828, 4, 'Constantine', 86),
(603, 828, 5, 'Roland', 77),
(604, 829, 1, 'Sean', 78),
(605, 829, 2, 'Brian', 49),
(606, 829, 3, 'Ryan', 39),
(607, 829, 4, 'Roland', 36),
(608, 829, 5, 'Constantine', 36),
(609, 830, 1, 'Brian', 97),
(610, 830, 2, 'Ryan', 74),
(611, 830, 3, 'Roland', 70),
(612, 831, 1, 'Sean', 146),
(613, 831, 2, 'Dr Pepper', 113),
(614, 831, 3, 'Mark', 112),
(615, 831, 4, 'Constantine', 97),
(616, 832, 1, 'Brian', 7),
(617, 832, 2, 'Constantine', 3),
(618, 832, 3, 'Ryan', 0),
(619, 832, 4, 'Sean', -3),
(620, 833, 1, 'Ryan', 147),
(621, 833, 2, 'Sean', 118),
(622, 833, 3, 'Brian', 89),
(623, 833, 4, 'Constantine', 67),
(624, 834, 1, 'Ryan', 147),
(625, 834, 2, 'Constantine', 117),
(626, 834, 3, 'Mark', 86),
(627, 835, 1, 'Tony', 47),
(628, 835, 2, 'Brian', 43),
(629, 835, 3, 'Roland', 43),
(630, 835, 4, 'Sean', 28),
(631, 836, 1, 'Constantine', 33),
(632, 836, 2, 'Ryan', 32),
(633, 836, 3, 'Mark', 14),
(634, 837, 1, 'Brian', 33),
(635, 837, 2, 'Ryan', 31),
(636, 837, 3, 'Sean', 24),
(637, 837, 4, 'Constantine', 22),
(638, 838, 1, 'Ryan', 149),
(639, 838, 2, 'Mark', 108),
(640, 838, 3, 'Constantine', 103),
(641, 839, 1, 'Sean', 72),
(642, 839, 2, 'Roland', 70),
(643, 839, 3, 'Brian', 65),
(644, 839, 4, 'Tristan', 62),
(645, 840, 1, 'Constantine', 36),
(646, 840, 2, 'Mark', 33),
(647, 840, 3, 'Ryan', 29),
(648, 841, 1, 'Roland', 15),
(649, 841, 2, 'Tristan', 8),
(650, 841, 3, 'Constantine', 8),
(651, 842, 1, 'Sean', 44),
(652, 842, 2, 'Ryan', 30),
(653, 842, 3, 'Brian', 22),
(654, 843, 1, 'Ryan', 18),
(655, 843, 2, 'Constantine', 14),
(656, 843, 3, 'Sean', 12),
(657, 843, 4, 'Mark', 11),
(658, 844, 1, 'Ryan', 54),
(659, 844, 2, 'Sean', 50),
(660, 844, 3, 'Constantine', 39),
(661, 844, 4, 'Mark', 29),
(662, 845, 1, 'Sean', 17),
(663, 845, 2, 'Ryan', 12),
(664, 845, 3, 'Mark', 8),
(665, 845, 4, 'Constantine', 1),
(666, 846, 1, 'Constantine', 66),
(667, 846, 2, 'Ryan', 62),
(668, 846, 3, 'Sean', 61),
(669, 846, 4, 'Mark', 44),
(670, 847, 1, 'Sean', 88),
(671, 847, 2, 'Mark', 84),
(672, 847, 3, 'Brian', 84),
(673, 847, 4, 'Ryan', 75),
(674, 847, 5, 'Constantine', 67),
(675, 848, 1, 'Brian', 56),
(676, 848, 2, 'Ryan', 38),
(677, 848, 3, 'Sean', 35),
(678, 848, 4, 'Mark', 32),
(679, 849, 1, 'Sean', 148),
(680, 849, 2, 'Brian', 136),
(681, 849, 3, 'Mark', 126),
(682, 849, 4, 'Ryan', 122),
(683, 849, 5, 'Constantine', 90),
(684, 850, 1, 'Sean', 30),
(685, 850, 2, 'Brian', 26),
(686, 850, 3, 'Ryan', 25),
(687, 850, 4, 'Mark', 24),
(688, 850, 5, 'Constantine', 24),
(689, 851, 1, 'Roland', 44),
(690, 851, 2, 'Ryan', 38),
(691, 851, 3, 'Brian', 33),
(692, 852, 1, 'Sean', 141),
(693, 852, 2, 'Constantine', 136),
(694, 852, 3, 'Mark', 81),
(695, 853, 1, 'Brian', 50),
(696, 853, 2, 'Roland', 43),
(697, 853, 3, 'Ryan', 38),
(698, 854, 1, 'Constantine', 15),
(699, 854, 2, 'Sean', 13),
(700, 854, 3, 'Mark', 3),
(701, 855, 1, 'Roland', 94),
(702, 855, 2, 'Brian', 87),
(703, 855, 3, 'Ryan', 40),
(704, 856, 1, 'Ryan', 37),
(705, 856, 2, 'Brian', 35),
(706, 857, 1, 'Ryan', 45),
(707, 857, 2, 'Brian', 45),
(708, 858, 1, 'Ryan', 59),
(709, 858, 2, 'Brian', 41),
(710, 859, 1, 'Brian', 71),
(711, 859, 2, 'Ryan', 30),
(712, 860, 1, 'Brian', 38),
(713, 860, 2, 'Sean', 31),
(714, 860, 3, 'Emily', 30),
(715, 860, 4, 'Constantine', 29),
(716, 860, 5, 'Ryan', 22),
(717, 861, 1, 'Ryan', 132),
(718, 861, 2, 'Sean', 123),
(719, 861, 3, 'Roland', 104),
(720, 861, 4, 'Mark', 94),
(721, 861, 5, 'Constantine', 70),
(722, 862, 1, 'Roland', 15),
(723, 862, 2, 'Ryan', 14),
(724, 862, 3, 'Constantine', 11),
(725, 863, 1, 'Ryan', 41),
(726, 863, 2, 'Brian', 40),
(727, 863, 3, 'Constantine', 31),
(728, 864, 1, 'Ryan', 15),
(729, 864, 2, 'Brian', 8),
(730, 864, 3, 'Constantine', 8),
(731, 865, 1, 'Sean', 62),
(732, 865, 2, 'Roland', 51),
(733, 865, 3, 'Brian', 27),
(734, 866, 1, 'Ryan', 145),
(735, 866, 2, 'Mark', 128),
(736, 866, 3, 'Constantine', 126),
(737, 867, 1, 'Ryan', 15),
(738, 867, 2, 'Roland', 14),
(739, 867, 3, 'Mark', 8),
(740, 868, 1, 'Ryan', 15),
(741, 868, 2, 'Roland', 9),
(742, 868, 3, 'Mark', 8),
(743, 869, 1, 'Sean', 45),
(744, 869, 2, 'Brian', 47),
(745, 869, 3, 'Constantine', 39),
(746, 870, 1, 'Sean', 19),
(747, 870, 2, 'Brian', 18),
(748, 870, 3, 'Ryan', 14),
(749, 871, 1, 'Tony', 45),
(750, 871, 2, 'Ryan', 29),
(751, 871, 3, 'Roland', 28),
(752, 871, 4, 'Brian', 26),
(753, 871, 5, 'Sean', 19),
(754, 872, 1, 'Mark', 62),
(755, 872, 2, 'Constantine', 57),
(756, 873, 1, 'Constantine', 17),
(757, 873, 2, 'Ryan', 16),
(758, 873, 3, 'Roland', 15),
(759, 873, 4, 'Brian', 10),
(760, 874, 1, 'Ryan', 73),
(761, 874, 2, 'Sean', 68),
(762, 874, 3, 'Brian', 63),
(763, 874, 4, 'Constantine', 58),
(764, 874, 5, 'Emily', 50),
(765, 875, 1, 'Mark', 136),
(766, 875, 2, 'Roland', 131),
(767, 875, 3, 'Brian', 130),
(768, 876, 1, 'Ryan', 92),
(769, 876, 2, 'Sean', 70),
(770, 876, 3, 'Constantine', 53),
(771, 876, 4, 'Benjamin', 36),
(772, 877, 1, 'Brian', 16),
(773, 877, 2, 'Roland', 11),
(774, 877, 3, 'Mark', 6),
(775, 878, 1, 'Roland', 15),
(776, 878, 2, 'Benjamin', 10),
(777, 878, 3, 'Constantine', 7),
(778, 879, 1, 'Brian', 34),
(779, 879, 2, 'Ryan', 24),
(780, 879, 3, 'Sean', 21),
(781, 880, 1, 'Tim', 16),
(782, 880, 2, 'Sean', 15),
(783, 880, 3, 'Ryan', 15),
(784, 880, 4, 'Constantine', 15),
(785, 880, 5, 'Roland', 14),
(786, 880, 6, 'Mark', 14),
(787, 881, 1, 'Sean', 16),
(788, 881, 2, 'Roland', 9),
(789, 881, 3, 'Ryan', 7),
(790, 881, 4, 'Tim', 3),
(791, 882, 1, 'Tim', 19),
(792, 882, 2, 'Sean', 13),
(793, 882, 3, 'Ryan', 13),
(794, 882, 4, 'Roland', 11),
(795, 883, 1, 'Sean', 85),
(796, 883, 2, 'Ryan', 73),
(797, 883, 3, 'Brian', 63),
(798, 883, 4, 'Constantine', 54),
(799, 883, 5, 'Mark', 51),
(800, 884, 1, 'Ryan', 81),
(801, 884, 2, 'Brian', 70),
(802, 884, 3, 'Sean', 61),
(803, 884, 4, 'Constantine', 59),
(804, 884, 5, 'Roland', 57),
(805, 885, 1, 'Sean', 78),
(806, 885, 2, 'Roland', 56),
(807, 885, 3, 'Karen', 39),
(808, 886, 1, 'Ryan', 129),
(809, 886, 2, 'Constantine', 127),
(810, 886, 3, 'Mark', 127),
(811, 887, 1, 'Mark', 16),
(812, 887, 2, 'Karen', 16),
(813, 887, 3, 'Roland', 12),
(814, 888, 1, 'Roland', 16),
(815, 888, 2, 'Karen', 16),
(816, 888, 3, 'Mark', 12),
(817, 889, 1, 'Sean', 14),
(818, 889, 2, 'Constantine', 3),
(819, 889, 3, 'Ryan', 0),
(820, 890, 1, 'Sean', 33),
(821, 890, 2, 'Constantine', 0),
(822, 890, 3, 'Ryan', 0),
(823, 891, 1, 'Ryan', 81),
(824, 891, 2, 'Brian', 68),
(825, 891, 3, 'Roland', 58),
(826, 892, 1, 'Roland', 17),
(827, 892, 2, 'Brian', 10),
(828, 893, 1, 'Sean', 122),
(829, 893, 2, 'Constantine', 75),
(830, 893, 3, 'Karen', 56),
(831, 894, 1, 'Roland', 112),
(832, 894, 2, 'Sean', 112),
(833, 894, 3, 'Ryan', 100),
(834, 894, 4, 'Brian', 97),
(835, 894, 5, 'Karen', 84),
(836, 894, 6, 'Constantine', 84),
(837, 895, 1, 'Sean', 94),
(838, 895, 2, 'Ryan', 42),
(839, 895, 3, 'Constantine', 29),
(840, 896, 1, 'Ryan', 33),
(841, 896, 2, 'Sean', 30),
(842, 896, 3, 'Constantine', 9),
(843, 897, 1, 'Tony', 54),
(844, 897, 2, 'Sean', 47),
(845, 897, 3, 'Brian', 39),
(846, 897, 4, 'Ryan', 6),
(847, 898, 1, 'Mark', 147),
(848, 898, 2, 'Roland', 122),
(849, 898, 3, 'Constantine', 107),
(850, 899, 1, 'Ryan', 31),
(851, 899, 2, 'Sean', 22),
(852, 899, 3, 'Mark', 21),
(853, 899, 4, 'Roland', 16),
(854, 899, 5, 'Brian', 13),
(855, 899, 6, 'Constantine', 12),
(856, 900, 1, 'Constantine', 128),
(857, 900, 2, 'Sean', 125),
(858, 900, 3, 'Ryan', 118),
(859, 901, 1, 'Roland', 18),
(860, 901, 2, 'Ryan', 16),
(861, 901, 3, 'Sean', 15),
(862, 902, 1, 'Sean', 16),
(863, 902, 2, 'Roland', 12),
(864, 902, 3, 'Ryan', 11),
(865, 903, 1, 'Ryan', 57),
(866, 903, 2, 'Sean', 55),
(867, 903, 3, 'Roland', 48),
(868, 904, 1, 'Brian', 115),
(869, 904, 2, 'Constantine', 112),
(870, 904, 3, 'Emily', 101),
(871, 904, 4, 'Karen', 85),
(872, 905, 1, 'Constantine', 33),
(873, 905, 2, 'Karen', 17),
(874, 905, 3, 'Brian', 16),
(875, 905, 4, 'Sean', 7),
(876, 905, 5, 'Ryan', 7),
(877, 906, 1, 'Sean', 43),
(878, 906, 2, 'Constantine', 36),
(879, 906, 3, 'Ryan', 29),
(880, 906, 4, 'Mark', 13),
(881, 907, 1, 'Brian', 49),
(882, 907, 2, 'Roland', 48),
(883, 907, 3, 'Sean', 43),
(884, 907, 4, 'Ryan', 24),
(885, 908, 1, 'Mark', 177),
(886, 908, 2, 'Karen', 151),
(887, 908, 3, 'Constantine', 139),
(888, 909, 1, 'Sean', 33),
(889, 909, 2, 'Karen', 26),
(890, 909, 3, 'Mark', 23),
(891, 909, 4, 'Roland', 22),
(892, 909, 5, 'Constantine', 22),
(893, 909, 6, 'Brian', 20),
(894, 909, 7, 'Ryan', 17),
(895, 910, 1, 'Tony', 121),
(896, 910, 2, 'Keith', 114),
(897, 910, 3, 'Roland', 108),
(898, 910, 4, 'Constantine', 106),
(899, 911, 1, 'Ryan', 168),
(900, 911, 2, 'Sean', 162),
(901, 911, 3, 'Brian', 128),
(902, 911, 4, 'Constantine', 121),
(903, 912, 1, 'Tony', 44),
(904, 912, 2, 'Ryan', 38),
(905, 912, 3, 'Brian', 36),
(906, 912, 4, 'Sean', 29),
(907, 913, 1, 'Constantine', 15),
(908, 913, 2, 'Mark', 12),
(909, 914, 1, 'Mark', 2),
(910, 914, 2, 'Constantine', 1),
(911, 915, 1, 'Sean', 16),
(912, 915, 2, 'Ryan', 10),
(913, 915, 3, 'Brian', 10),
(914, 916, 1, 'Brian', 24),
(915, 916, 2, 'Ryan', 22),
(916, 916, 3, 'Constantine', 19),
(917, 916, 4, 'Sean', 15),
(918, 917, 1, 'Constantine', 18),
(919, 917, 2, 'Sean', 15),
(920, 917, 3, 'Brian', 14),
(921, 917, 4, 'Ryan', 11),
(922, 918, 1, 'Ryan', 140),
(923, 918, 2, 'Constantine', 125),
(924, 918, 3, 'Mark', 113),
(925, 918, 4, 'Sean', 111),
(926, 919, 1, 'Sean', 16),
(927, 919, 2, 'Mark', 13),
(928, 919, 3, 'Constantine', 10),
(929, 919, 4, 'Ryan', 7),
(930, 920, 1, 'Brian', 145),
(931, 920, 2, 'Sean', 129),
(932, 920, 3, 'Mark', 108),
(933, 920, 4, 'Ryan', 99),
(934, 920, 5, 'Constantine', 74),
(935, 921, 1, 'Ryan', 39),
(936, 921, 2, 'Sean', 38),
(937, 921, 3, 'Brian', 30),
(938, 922, 1, 'Ryan', 99),
(939, 922, 2, 'Sean', 85),
(940, 922, 3, 'Brian', 85),
(941, 922, 4, 'Roland', 83),
(942, 923, 1, 'Roland', 55),
(943, 923, 2, 'Ryan', 52),
(944, 923, 3, 'Brian', 44),
(945, 923, 4, 'Sean', 40),
(946, 924, 1, 'Sean', 17),
(947, 924, 2, 'Brian', 14),
(948, 924, 3, 'Ryan', 12),
(949, 924, 4, 'Roland', 9),
(950, 925, 1, 'Roland', 15),
(951, 925, 2, 'Sean', 11),
(952, 925, 3, 'Brian', 8),
(953, 925, 4, 'Ryan', 6),
(954, 926, 1, 'Sean', 158),
(955, 926, 2, 'Mark', 135),
(956, 926, 3, 'Ryan', 112),
(957, 926, 4, 'Brian', 107),
(958, 926, 5, 'Roland', 78),
(959, 927, 1, 'Sean', 116),
(960, 927, 2, 'Tony', 114),
(961, 927, 3, 'Bill', 103),
(962, 927, 4, 'Ryan', 94),
(963, 928, 1, 'Brian', 217),
(964, 928, 2, 'Constantine', 122),
(965, 928, 3, 'Karen', 102),
(966, 929, 1, 'Roland', 14),
(967, 929, 2, 'Ryan', 14),
(968, 929, 3, 'Sean', 14),
(969, 929, 4, 'Tony', 13),
(970, 929, 5, 'Brian', 13),
(971, 929, 6, 'Bill', 13),
(972, 930, 1, 'Sean', 16),
(973, 930, 2, 'Roland', 15),
(974, 930, 3, 'Ryan', 13),
(975, 930, 4, 'Brian', 13),
(976, 931, 1, 'Roland', 15),
(977, 931, 2, 'Ryan', 12),
(978, 931, 3, 'Constantine', 10),
(979, 931, 4, 'Brian', 8),
(980, 932, 1, 'Sean', 102),
(981, 932, 2, 'Brian', 53),
(982, 932, 3, 'Constantine', 51),
(983, 932, 4, 'Ryan', 40),
(984, 933, 1, 'Sean', 328),
(985, 933, 2, 'Roland', 327),
(986, 933, 3, 'Ryan', 296),
(987, 934, 1, 'Roland', 85),
(988, 934, 2, 'Sean', 79),
(989, 934, 3, 'Ryan', 64),
(990, 935, 1, 'Ryan', 87),
(991, 935, 2, 'Sean', 80),
(992, 935, 3, 'Roland', 77),
(993, 936, 1, 'Tristan', 54),
(994, 936, 2, 'Ryan', 50),
(995, 936, 3, 'Dan', 49),
(996, 936, 4, 'Tony', 44),
(997, 937, 1, 'Roland', 29),
(998, 937, 2, 'Tony', 24),
(999, 937, 3, 'Brian', 15),
(1000, 937, 4, 'Keith', 15),
(1001, 938, 1, 'Ryan', 3370),
(1002, 938, 2, 'Bill', 3550),
(1003, 938, 3, 'Karen', 3270),
(1004, 938, 4, 'Sean', 3250),
(1005, 938, 5, 'Mark', 2250),
(1006, 939, 1, 'Tony', 18),
(1007, 939, 2, 'Brian', 17),
(1008, 939, 3, 'Roland', 15),
(1009, 939, 4, 'Keith', 11),
(1010, 940, 1, 'Roland', 41),
(1011, 940, 2, 'Brian', 33),
(1012, 940, 3, 'Ryan', 24),
(1013, 941, 1, 'Keith', 80),
(1014, 941, 2, 'Ryan', 66),
(1015, 941, 3, 'Tony', 63),
(1016, 941, 4, 'Bill', 63),
(1017, 942, 1, 'Roland', 159),
(1018, 942, 2, 'Sean', 157),
(1019, 942, 3, 'Tony', 131),
(1020, 943, 1, 'Brian', 4150),
(1021, 943, 2, 'Mark', 2900),
(1022, 943, 3, 'Bill', 2890),
(1023, 943, 4, 'Ryan', 1960),
(1024, 944, 1, 'Tony', 117),
(1025, 944, 2, 'Sean', 104),
(1026, 944, 3, 'Roland', 100),
(1027, 944, 4, 'Bill', 98),
(1028, 944, 5, 'Ryan', 87),
(1029, 944, 6, 'Brian', 80),
(1030, 945, 1, 'Sean', 172),
(1031, 945, 2, 'Brian', 147),
(1032, 945, 3, 'Ryan', 145),
(1033, 946, 1, 'Tony', 55),
(1034, 946, 2, 'Brian', 45),
(1035, 946, 3, 'Ryan', 40),
(1036, 946, 4, 'Constantine', 35),
(1037, 946, 5, 'Bill', 34),
(1038, 946, 6, 'Sean', 28),
(1039, 947, 1, 'Brian', 16),
(1040, 947, 2, 'Ryan', 11),
(1041, 947, 3, 'Constantine', 7),
(1042, 948, 1, 'Ryan', 4500),
(1043, 948, 2, 'Sean', 3980),
(1044, 948, 3, 'Mark', 3610),
(1045, 948, 4, 'Bill', 3430),
(1046, 948, 5, 'Constantine', 3010),
(1047, 949, 1, 'Sean', 164),
(1048, 949, 2, 'Tony', 123),
(1049, 949, 3, 'Karen', 114),
(1050, 950, 1, 'Ryan', 157),
(1051, 950, 2, 'Constantine', 103),
(1052, 950, 3, 'Darya', 98),
(1053, 951, 1, 'Sean', 15),
(1054, 951, 2, 'Karen', 13),
(1055, 952, 1, 'Constantine', 16),
(1056, 952, 2, 'Ryan', 15),
(1057, 952, 3, 'Karen', 13),
(1058, 953, 1, 'Constantine', 1),
(1059, 953, 2, 'Brian', 0),
(1060, 953, 3, 'Sean', 0),
(1061, 953, 4, 'Ryan', 0),
(1062, 954, 1, 'Brian', 1),
(1063, 954, 2, 'Sean', 1),
(1064, 954, 3, 'Ryan', 1),
(1065, 954, 4, 'Constantine', 0),
(1066, 955, 1, 'Sean', 16),
(1067, 955, 2, 'Ryan', 14),
(1068, 955, 3, 'Constantine', 10),
(1069, 955, 4, 'Brian', 9),
(1070, 956, 1, 'Constantine', 5),
(1071, 956, 2, 'Roland', 4),
(1072, 956, 3, 'Karen', 4),
(1073, 957, 1, 'Sean', 183),
(1074, 957, 2, 'Brian', 140),
(1075, 957, 3, 'Ryan', 135),
(1076, 958, 1, 'Karen', 1),
(1077, 958, 2, 'Sean', 1),
(1078, 958, 3, 'Ryan', 1),
(1079, 958, 4, 'Roland', 1),
(1080, 958, 5, 'Brian', 0),
(1081, 958, 6, 'Constantine', 0),
(1082, 959, 1, 'Brian', 1),
(1083, 959, 2, 'Constantine', 1),
(1084, 959, 3, 'Karen', 0),
(1085, 959, 4, 'Ryan', 0),
(1086, 959, 5, 'Sean', 0),
(1087, 960, 1, 'Ryan', 7),
(1088, 960, 2, 'Roland', 6),
(1089, 960, 3, 'Mark', 6),
(1090, 960, 4, 'Tony', 6),
(1091, 960, 5, 'Bill', 5),
(1092, 960, 6, 'Sean', 5),
(1093, 961, 1, 'Mark', 54),
(1094, 961, 2, 'Tony', 39),
(1095, 961, 3, 'Sean', 31),
(1096, 961, 4, 'Ryan', 28),
(1097, 961, 5, 'Bill', 28),
(1098, 961, 6, 'Roland', 27),
(1099, 962, 1, 'Tony', 118),
(1100, 962, 2, 'Roland', 114),
(1101, 962, 3, 'Keith', 110),
(1102, 962, 4, 'Ryan', 94),
(1103, 963, 1, 'Roland', 89),
(1104, 963, 2, 'Keith', 83),
(1105, 963, 3, 'Ryan', 82),
(1106, 963, 4, 'Tony', 77),
(1107, 964, 1, 'Keith', 6),
(1108, 964, 2, 'Karen', 3),
(1109, 964, 3, 'Constantine', 3),
(1110, 965, 1, 'Tony', 39),
(1111, 965, 2, 'Brian', 34),
(1112, 965, 3, 'Sean', 24),
(1113, 965, 4, 'Ryan', 28),
(1114, 965, 5, 'Roland', 16),
(1115, 966, 1, 'Constantine', 1),
(1116, 966, 2, 'Keith', 0),
(1117, 967, 1, 'Constantine', 1),
(1118, 967, 2, 'Keith', 0),
(1119, 968, 1, 'Sean', 170),
(1120, 968, 2, 'Brian', 124),
(1121, 968, 3, 'Ryan', 110),
(1122, 969, 1, 'Mark', 132),
(1123, 969, 2, 'Constantine', 124),
(1124, 969, 3, 'Karen', 110),
(1125, 970, 1, 'Sean', 99),
(1126, 970, 2, 'Roland', 95),
(1127, 970, 3, 'Ryan', 88),
(1128, 970, 4, 'Tony', 86),
(1129, 971, 1, 'Tony', 16),
(1130, 971, 2, 'Ryan', 15),
(1131, 971, 3, 'Sean', 8),
(1132, 972, 1, 'Karen', 124),
(1133, 972, 2, 'Mark', 121),
(1134, 972, 3, 'Roland', 97),
(1135, 972, 4, 'Constantine', 86),
(1136, 973, 1, 'Ryan', 50),
(1137, 973, 2, 'Roland', 48),
(1138, 973, 3, 'Karen', 40),
(1139, 973, 4, 'Constantine', 39),
(1140, 974, 1, 'Karen', 62),
(1141, 974, 2, 'Ryan', 60),
(1142, 974, 3, 'Constantine', 43),
(1143, 975, 1, 'Ryan', 6),
(1144, 975, 2, 'Karen', 4),
(1145, 975, 3, 'Constantine', 1),
(1146, 976, 1, 'Karen', 38),
(1147, 976, 2, 'Ryan', 31),
(1148, 976, 3, 'Constantine', 28),
(1149, 977, 1, 'Sean', 88),
(1150, 977, 2, 'Brian', 77),
(1151, 977, 3, 'Roland', 74),
(1152, 977, 4, 'Tony', 71),
(1153, 977, 5, 'Bill', 64),
(1154, 978, 1, 'Ryan', 123),
(1155, 978, 2, 'Constantine', 106),
(1156, 978, 3, 'Mark', 99),
(1157, 978, 4, 'Karen', 88),
(1158, 979, 1, 'Mark', 15),
(1159, 979, 2, 'Ryan', 12),
(1160, 979, 3, 'Constantine', 8),
(1161, 979, 4, 'Karen', 5),
(1162, 980, 1, 'Brian', 60),
(1163, 980, 2, 'Ryan', 52),
(1164, 980, 3, 'Constantine', 48),
(1165, 980, 4, 'Karen', 46),
(1166, 981, 1, 'Brian', 16),
(1167, 981, 2, 'Tony', 13),
(1168, 981, 3, 'Bill', 10),
(1169, 982, 1, 'Mark', 89),
(1170, 982, 2, 'Constantine', 79),
(1171, 982, 3, 'Karen', 78),
(1172, 983, 1, 'Bill', 140),
(1173, 983, 2, 'Roland', 106),
(1174, 983, 3, 'Brian', 89),
(1175, 983, 4, 'Ryan', 87),
(1176, 984, 1, 'Constantine', 6),
(1177, 984, 2, 'Mark', 4),
(1178, 984, 3, 'Karen', 4),
(1179, 985, 1, 'Roland', 15),
(1180, 985, 2, 'Ryan', 14),
(1181, 985, 3, 'Mark', 13),
(1182, 986, 1, 'Ryan', 54),
(1183, 986, 2, 'Roland', 45),
(1184, 986, 3, 'Brian', 36),
(1185, 986, 4, 'Karen', 34),
(1186, 986, 5, 'Constantine', 32),
(1187, 987, 1, 'Brian', 15),
(1188, 987, 2, 'Ryan', 8),
(1189, 987, 3, 'Karen', 7),
(1190, 987, 4, 'Constantine', 2),
(1191, 988, 1, 'Sean', 93),
(1192, 988, 2, 'Constantine', 63),
(1193, 988, 3, 'Brian', 63),
(1194, 989, 1, 'Sean', 15),
(1195, 989, 2, 'Constantine', 14),
(1196, 989, 3, 'Brian', 11),
(1197, 991, 1, 'Tony', 7),
(1198, 991, 2, 'Sean', 6),
(1199, 991, 2, 'Bill', 6),
(1200, 991, 4, 'Roland', 5),
(1201, 991, 4, 'Ryan', 5),
(1202, 991, 6, 'Brian', 3),
(1203, 992, 1, 'Roland', 163),
(1204, 992, 2, 'Tony', 157),
(1205, 992, 3, 'Ryan', 156),
(1206, 992, 4, 'Bill', 150),
(1207, 993, 1, 'Roland', 1),
(1208, 993, 2, 'Ryan', 0),
(1209, 994, 1, 'Sean', 46),
(1210, 994, 2, 'Brian', 39),
(1211, 994, 3, 'Mark', 29),
(1212, 995, 1, 'Karen', 69),
(1213, 995, 2, 'Constantine', 51),
(1214, 996, 1, 'Karen', 73),
(1215, 996, 2, 'Constantine', 61),
(1216, 997, 1, 'Ryan', 79),
(1217, 997, 2, 'Roland', 75),
(1218, 997, 3, 'Mark', 58),
(1219, 998, 1, 'Ryan', 453),
(1220, 998, 2, 'Brian', 373),
(1221, 998, 3, 'Roland', 318),
(1222, 998, 4, 'Mark', 278),
(1235, 1003, 1, 'Brian', 99),
(1236, 1003, 2, 'Roland', 98),
(1237, 1003, 3, 'Sean', 72),
(1238, 1003, 4, 'Ryan', 64),
(1239, 1004, 1, 'Ryan', 83),
(1240, 1004, 2, 'Tony', 75),
(1241, 1004, 3, 'Bill', 74),
(1242, 1004, 4, 'Quinn', 59),
(1243, 1004, 5, 'Roland', 39),
(1244, 1005, 1, 'Sean', 133),
(1245, 1005, 2, 'Mark', 113),
(1246, 1005, 3, 'Brian', 94),
(1247, 1005, 4, 'Karen', 93),
(1248, 1005, 5, 'Constantine', 81),
(1249, 1006, 1, 'Brian', 7),
(1250, 1006, 2, 'Karen', 6),
(1251, 1006, 3, 'Ryan', 3),
(1252, 1006, 4, 'Sean', 1),
(1253, 1007, 1, 'Brian', 167),
(1254, 1007, 2, 'Ryan', 158),
(1255, 1007, 3, 'Constantine', 146),
(1256, 1007, 4, 'Karen', 108),
(1257, 1008, 1, 'Roland', 33),
(1258, 1008, 2, 'Jerek', 28),
(1259, 1008, 3, 'SeanG', 27),
(1260, 1008, 4, 'Quinn', 26),
(1261, 1008, 5, 'Erinne', 24),
(1262, 1009, 1, 'Erinne', 1),
(1263, 1009, 2, 'Roland', 2),
(1264, 1009, 3, 'SeanG', 3),
(1265, 1009, 4, 'Jerek', 4),
(1266, 1010, 1, 'Bill', 22),
(1267, 1010, 2, 'Ryan', 20),
(1268, 1010, 3, 'Tony', 18),
(1269, 1010, 4, 'Constantine', 16),
(1270, 1010, 5, 'Mark', 16),
(1271, 1011, 1, 'Sean', 108),
(1272, 1011, 2, 'Mark', 92),
(1273, 1011, 3, 'Ryan', 55),
(1274, 1011, 4, 'Constantine', 53),
(1275, 1012, 1, 'Sean', 54),
(1276, 1012, 2, 'Brian', 51),
(1277, 1012, 3, 'Ryan', 51),
(1278, 1012, 4, 'Constantine', 46),
(1279, 1013, 1, 'Sean', 10),
(1280, 1013, 2, 'Constantine', 6),
(1281, 1013, 3, 'Ryan', 5),
(1282, 1014, 1, 'Sean', 166),
(1283, 1014, 2, 'Ryan', 122),
(1284, 1014, 3, 'Constantine', 111),
(1285, 1015, 1, 'Ryan', 15),
(1286, 1015, 2, 'Sean', 15),
(1287, 1015, 3, 'Constantine', 11),
(1288, 1016, 1, 'Ryan', 108),
(1289, 1016, 2, 'Roland', 101),
(1290, 1016, 3, 'Sean', 100),
(1291, 1017, 1, 'Bill', 80),
(1292, 1017, 2, 'Constantine', 55),
(1293, 1017, 3, 'Mark', 50),
(1294, 1018, 1, 'Sean', 3),
(1295, 1018, 2, 'Roland', 1),
(1296, 1018, 3, 'Ryan', 0),
(1297, 1019, 1, 'Bill', 9),
(1298, 1019, 2, 'Ryan', 5),
(1299, 1019, 2, 'Sean', 5),
(1300, 1019, 4, 'Constantine', 4),
(1301, 1020, 1, 'Keith', 15),
(1302, 1020, 2, 'Ryan', 14),
(1303, 1020, 3, 'Mark', 13),
(1304, 1020, 4, 'Roland', 13),
(1305, 1021, 1, 'Ryan', 18),
(1306, 1021, 2, 'Keith', 17),
(1307, 1021, 3, 'Roland', 17),
(1308, 1021, 4, 'Mark', 16);

/*!40101 SET CHARACTER_SET_CLIENT=@OLD_CHARACTER_SET_CLIENT */;
/*!40101 SET CHARACTER_SET_RESULTS=@OLD_CHARACTER_SET_RESULTS */;
/*!40101 SET COLLATION_CONNECTION=@OLD_COLLATION_CONNECTION */;
